{
  "$jason": {
    "head": {
      "title": "#each",
      "data": {
        "users": [{
          "profile": "https://pbs.twimg.com/profile_images/557061751150112768/eMwi4Xz2_400x400.jpeg",
          "username": "gliechtenstein"
        }, {
          "profile": "https://pbs.twimg.com/profile_images/660748555452223488/seiYgVbF.png",
          "username": "thinkpiecebot"
        }, {
          "profile": "https://pbs.twimg.com/profile_images/693649835086360577/xPofOC6p.png",
          "username": "catsnacks"
        }]
      },
      "templates": {
        "body": {
          "sections": [{
            "items": {
              "{{#each users}}": {
                "type": "horizontal",
                "style": {
                  "spacing": "10"
                },
                "components": [{
                  "type": "image",
                  "style": {
                    "width": "50"
                  },
                  "url": "{{profile}}"
                }, {
                  "type": "label",
                  "text": "{{username}}"
                }]
              }
            }
          }]
        }
      }
    }
  }
}
