{
  "$jason": {
    "head": {
      "title": "Javascript",
      "actions": {
        "$load": {
          "type": "$geo.get",
          "options": {
            "distance": "100"
          },
          "success": {
            "type": "$render"
          }
        }
      },
      "templates": {
        "body": {
          "header": {
            "title": "Simple Javascript",
            "menu": {
              "text": "View JSON",
              "href": {
                "url": "https://github.com/Jasonette/Jasonpedia/blob/gh-pages/template/js.json",
                "view": "web"
              }
            }
          },
          "sections": [{
            "items": [{
              "type": "vertical",
              "style": {
                "spacing": "5"
              },
              "components": [{
                "type": "label",
                "text": "We want to take the following return value from $geo.get"
              }, {
                "type": "label",
                "style": {
                  "background": "#282828",
                  "corner_radius": "3",
                  "color": "#c5d3d8",
                  "padding": "10",
                  "size": "12",
                  "font": "Courier"
                },
                "text": "{{JSON.stringify($jason, null, '  ')}}"
              }, {
                "type": "label",
                "text": "And add an emoji in between the latitude and longitude. To do that we will use Javascript split function to split the string and reconstruct a string with the emoji included."
              }]
            }, {
              "type": "vertical",
              "style": {
                "spacing": "5"
              },
              "components": [{
                "type": "label",
                "text": "Evaluated Result",
                "style": {
                  "font": "HelveticaNeue-Bold",
                  "size": "12"
                }
              }, {
                "type": "label",
                "style": {
                  "background": "#282828",
                  "corner_radius": "3",
                  "color": "#c5d3d8",
                  "padding": "10",
                  "size": "12",
                  "font": "Courier"
                },
                "text": "{{$jason.coord.split(',')[0] + '📍' + $jason.coord.split(',')[1]}}"
              }, {
                "type": "label",
                "text": "View JSON to see the actual javascript expression that evaluated to below:"
              }]
            }]
          }]
        }
      }
    }
  }
}
