{
  "$jason": {
    "head": {
      "title": "Core",
      "styles": {
        "bold": {
          "font": "HelveticaNeue-CondensedBold",
          "size": "15"
        },
        "normal": {
          "font": "HelveticaNeue",
          "size": "12"
        }
      },
      "actions": {
        "$foreground": {
          "type": "$reload"
        }
      }
    },
    "body": {
      "header": {
        "menu": {
          "text": "View JSON",
          "href": {
            "url": "https://github.com/Jasonette/Jasonpedia/blob/gh-pages/core/index.json",
            "view": "web"
          }
        }
      },
      "sections": [
        {
          "items": [
            {
              "type": "vertical",
              "href": {
                "url": "https://jasonette.github.io/Jasonpedia/core/href/index.json"
              },
              "components": [{
                "type": "label",
                "text": "$href",
                "class": "bold"
              }, {
                "type": "label",
                "text": "Various types of linking between views",
                "class": "normal"
              }]
            }
          ]
        },
        {
          "items": [
            {
              "type": "vertical",
              "href": {
                "url": "https://jasonette.github.io/Jasonpedia/core/render/index.json"
              },
              "components": [{
                "type": "label",
                "text": "$render",
                "class": "bold"
              }, {
                "type": "label",
                "text": "Check out different render options",
                "class": "normal"
              }]
            }
          ]
        },
        {
          "items": [
            {
              "type": "vertical",
              "href": {
                "url": "https://jasonette.github.io/Jasonpedia/core/snapshot/index.json"
              },
              "components": [{
                "type": "label",
                "text": "$snapshot",
                "class": "bold"
              }, {
                "type": "label",
                "text": "Take a snapshot of the current screen",
                "class": "normal"
              }]
            }
          ]
        }
      ]
    }
  }
}
