{
  "$jason": {
    "head": {
      "title": "Layouts",
      "styles": {
        "bold": {
          "font": "HelveticaNeue-CondensedBold",
          "padding": "10",
          "size": "15"
        },
        "normal": {
          "font": "HelveticaNeue",
          "size": "12"
        }
      },
      "actions": {
        "$foreground": {
          "type": "$reload"
        }
      }
    },
    "body": {
      "header": {
        "menu": {
          "text": "View JSON",
          "href": {
            "url": "https://github.com/Jasonette/Jasonpedia/blob/gh-pages/view/layout/index.json",
            "view": "web"
          }
        }
      },
      "sections": [
        {
          "items": [
            {
              "type": "label",
              "class": "bold",
              "text": "Vertical Layout",
              "href": {
                "url": "https://jasonette.github.io/Jasonpedia/view/layout/vertical.json"
              }
            },
            {
              "type": "label",
              "class": "bold",
              "text": "Horizontal Layout",
              "href": {
                "url": "https://jasonette.github.io/Jasonpedia/view/layout/horizontal.json"
              }
            },
            {
              "type": "label",
              "class": "bold",
              "text": "Complex Nested Layout",
              "href": {
                "url": "https://jasonette.github.io/Jasonpedia/view/layout/nested.json"
              }
            }
          ]
        }
      ]
    }
  }
}
