{
  "$jason": {
    "head": {
      "title": "Vertical Layout",
      "styles": {
        "note": {
          "color": "#ffffff",
          "font": "HelveticaNeue-Bold",
          "size": "15"
        }
      }
    },
    "body": {
      "header": {
        "menu": {
          "text": "View JSON",
          "href": {
            "url": "https://github.com/Jasonette/Jasonpedia/blob/gh-pages/view/layout/vertical.json",
            "view": "web"
          }
        }
      },
      "sections": [{
        "items": [{
          "type": "vertical",
          "style": {
            "height": "300"
          },
          "components": [{
            "type": "label",
            "class": "note",
            "style": {
              "background": "#FF5733"
            },
            "text": "First component: Label. There's a space component below this label."
          }, {
            "type": "space"
          }, {
            "type": "label",
            "class": "note",
            "style": {
              "background": "#FF5733"
            },
            "text": "Third component: Label. There's a space component above this label."
          }]
        }]
      }]
    }
  }
}
