{
  "$jason": {
    "head": {
      "title": "$render templates",
      "actions": {
        "$pull": {
          "type": "$flush",
          "success": {
            "type": "$reload"
          }
        }
      },
      "data": {
        "members": [{
          "name": "Bart",
          "image": "https://jasonette.github.io/Jasonpedia/assets/bart.png"
        }, {
          "name": "Homer",
          "image": "https://jasonette.github.io/Jasonpedia/assets/homer.jpg"
        }, {
          "name": "Marge",
          "image": "https://jasonette.github.io/Jasonpedia/assets/marge.png"
        }, {
          "name": "Lisa",
          "image": "https://jasonette.github.io/Jasonpedia/assets/lisa.jpg"
        }, {
          "name": "Maggie",
          "image": "https://jasonette.github.io/Jasonpedia/assets/maggie.png"
        }]
      },
      "styles": {
        "labels": {
          "size": "12",
          "font": "HelveticaNeue-Bold",
          "align": "center"
        },
        "left": {
          "bottom": "20",
          "left": "50",
          "width": "100",
          "height": "100",
          "corner_radius": "50",
          "color": "#ffffff",
          "background": "rgba(0,0,0,0.7)",
          "background": "#F2E205",
          "padding": "20"
        },
        "right": {
          "bottom": "20",
          "right": "50",
          "width": "100",
          "height": "100",
          "corner_radius": "50",
          "color": "#ffffff",
          "background": "rgba(0,0,0,0.7)",
          "padding": "20"
        }
      },
      "templates": {
        "horizontal": {
          "style": {
            "background": "#f8d728",
            "border": "none"
          },
          "header": {
            "style": {
              "background": "#f8d728"
            }
          },
          "layers": [{
            "type": "label",
            "text": "Horizontal",
            "class": "labels left",
            "action": {
              "type": "$render",
              "options": {
                "template": "horizontal"
              }
            }
          }, {
            "type": "label",
            "text": "Vertical",
            "class": "labels right",
            "action": {
              "type": "$render"
            }
          }],
          "sections": [{
            "type": "horizontal",
            "header": {
              "type": "image",
              "url": "https://jasonette.github.io/Jasonpedia/assets/simpsons.jpg",
              "style": {
                "width": "100%",
                "padding": "0",
                "z_index": "-1"
              }
            },
            "items": {
              "{{#each members}}": {
                "type": "vertical",
                "style": {
                  "width": "200",
                  "height": "300",
                  "padding": "10",
                  "padding_top": "30",
                  "align": "center"
                },
                "components": [{
                  "type": "image",
                  "url": "{{image}}",
                  "style": {
                    "width": "180",
                    "height": "180",
                    "padding": "10",
                    "corner_radius": "90"
                  }
                }, {
                  "type": "label",
                  "text": "{{name}}",
                  "style": {
                    "font": "ChalkboardSE-Bold",
                    "size": "25",
                    "color": "#1192f0"
                  }
                }]
              }
            }
          }]
        },
        "body": {
          "style": {
            "background": "#f8d728",
            "border": "none"
          },
          "header": {
            "style": {
              "background": "#f8d728"
            }
          },
          "layers": [{
            "type": "label",
            "text": "Horizontal",
            "class": "labels left",
            "action": {
              "type": "$render",
              "options": {
                "template": "horizontal"
              }
            }
          }, {
            "type": "label",
            "text": "Vertical",
            "class": "labels right",
            "action": {
              "type": "$render"
            }
          }],
          "sections": [{
            "header": {
              "type": "image",
              "url": "https://jasonette.github.io/Jasonpedia/assets/simpsons.jpg",
              "style": {
                "width": "100%",
                "padding": "0",
                "z_index": "-1"
              }
            },
            "items": {
              "{{#each members}}": {
                "type": "horizontal",
                "style": {
                  "background": "#ffffff"
                },
                "components": [{
                  "type": "image",
                  "url": "{{image}}",
                  "style": {
                    "width": "180",
                    "height": "180",
                    "padding": "10",
                    "corner_radius": "90"
                  }
                }, {
                  "type": "label",
                  "text": "{{name}}",
                  "style": {
                    "font": "ChalkboardSE-Bold",
                    "size": "25",
                    "padding": "10",
                    "color": "#1192f0"
                  }
                }]
              }
            }
          }]
        }
      }
    }
  }
}
