{
  "$jason": {
    "head": {
      "title": "Rectangle Button"
    },
    "body": {
      "sections": [{
        "items": [{
          "type": "vertical",
          "style": {
            "align": "center"
          },
          "components": [{ 
            "type": "button",
            "style": {
              "width": "200",
              "height": "100",
              "background": "#00ff00",
              "color": "#ffffff",
              "font": "HelveticaNeue-Bold",
              "size": "15"
            },
            "text": "I'm a button"
          }]
        }]
      }]
    }
  }
}
