{
  "$jason": {
    "head": {
      "title": "Views",
      "styles": {
        "bold": {
          "font": "HelveticaNeue-CondensedBold",
          "padding": "10",
          "size": "15"
        },
        "normal": {
          "font": "HelveticaNeue",
          "size": "12"
        }
      },
      "actions": {
        "$foreground": {
          "type": "$reload"
        }
      }
    },
    "body": {
      "header": {
        "menu": {
          "text": "View JSON",
          "href": {
            "url": "https://github.com/Jasonette/Jasonpedia/blob/gh-pages/view/index.json",
            "view": "web"
          }
        }
      },
      "sections": [
        {
          "items": [
            {
              "type": "label",
              "text": "Header",
              "class": "bold",
              "href": {
                "url": "https://jasonette.github.io/Jasonpedia/view/header/index.json"
              }
            },
            {
              "type": "label",
              "text": "Sections",
              "class": "bold",
              "href": {
                "url": "https://jasonette.github.io/Jasonpedia/view/section/index.json"
              }
            },
            {
              "type": "label",
              "text": "Layers",
              "class": "bold",
              "href": {
                "url": "https://jasonette.github.io/Jasonpedia/view/layer/index.json"
              }
            },
            {
              "type": "label",
              "text": "Footer",
              "class": "bold",
              "href": {
                "url": "https://jasonette.github.io/Jasonpedia/view/footer/index.json"
              }
            },
            {
              "type": "label",
              "text": "Layout",
              "class": "bold",
              "href": {
                "url": "https://jasonette.github.io/Jasonpedia/view/layout/index.json"
              }
            },
            {
              "type": "label",
              "text": "Component",
              "class": "bold",
              "href": {
                "url": "https://jasonette.github.io/Jasonpedia/view/component/index.json"
              }
            },
            {
              "type": "label",
              "text": "Background",
              "class": "bold",
              "href": {
                "url": "https://jasonette.github.io/Jasonpedia/view/background/index.json"
              }
            }
          ]
        }
      ]
    }
  }
}
