{
  "$jason": {
    "head": {
      "title": "Opacity",
			"description": "No opacity on the left, opacity on the right"
    },
    "body": {
      "style": {
        "background": "https://raw.githubusercontent.com/gliechtenstein/images/master/highrise.jpg",
        "border": "none"
      },
      "header": {
        "style": {
          "background": "rgba(0,0,0,0)",
          "color": "#ffffff"
        },
        "menu": {
          "text": "View JSON",
          "href": {
            "url": "https://github.com/Jasonette/Jasonpedia/blob/gh-pages/view/component/style/opacity.json",
            "view": "web"
          }
        }
      },
      "sections": [
        {
          "items": [
            {
              "type": "horizontal",
              "components": [
                {
                  "type": "label",
                  "text": "Label",
                  "style": {
                    "font": "HelveticaNeue-Bold",
                    "color": "#ffffff",
                    "size": "40"
                  }
                },
                {
                  "type": "label",
                  "text": "Label",
                  "style": {
                    "font": "HelveticaNeue-Bold",
                    "color": "#ffffff",
                    "size": "40",
                    "opacity": "0.2"
                  }
                }
              ]
            },
            {
              "type": "horizontal",
              "components": [
                {
                  "type": "image",
                  "url": "https://raw.githubusercontent.com/gliechtenstein/images/master/perrier.jpg"
                },
                {
                  "type": "image",
                  "url": "https://raw.githubusercontent.com/gliechtenstein/images/master/perrier.jpg",
                  "style": {
                    "opacity": "0.2"
                  }
                }
              ]
            },
            {
              "type": "horizontal",
              "components": [
                {
                  "type": "button",
                  "text": "Button",
                  "style": {
                    "font": "HelveticaNeue-Bold",
                    "color": "#ffffff",
                    "size": "20"
                  }
                },
                {
                  "type": "button",
                  "text": "Button",
                  "style": {
                    "font": "HelveticaNeue-Bold",
                    "color": "#ffffff",
                    "size": "20",
                    "opacity": "0.2"
                  }
                }
              ]
            },
            {
              "type": "horizontal",
              "components": [
                {
                  "type": "map",
                  "style": {
                    "height": "200",
                    "width": "50%"
                  },
                  "region": {
                    "coord": "40.7197614,-73.9909211",
                    "width": "100",
                    "height": "100"
                  }
                },
                {
                  "type": "map",
                  "region": {
                    "coord": "40.7197614,-73.9909211",
                    "width": "100",
                    "height": "100"
                  },
                  "style": {
                    "height": "200",
                    "width": "50%",
                    "opacity": "0.6"
                  }
                }
              ]
            }
          ]
        }
      ]
    }
  }
}
