{
  "items": [
    {
      "avatar": "https://pbs.twimg.com/profile_images/557061751150112768/eMwi4Xz2.jpeg",
      "username": "ethan",
      "status": "Check out this animation created by drawing directly into HTML canvas!",
      "interactive": "false",
      "style": {
        "height": "280",
        "width": "280",
        "corner_radius": "140"
      },
      "embed": "<html><head><style>body{background: red; width: 100%; padding:0; margin: 0;} iframe{width: 100%; border:0;} html{width: 100%; padding:0; margin:0; }</style><script>var sun = new Image();var moon = new Image();var earth = new Image();function init() {  sun.src = 'https://mdn.mozillademos.org/files/1456/Canvas_sun.png';  moon.src = 'https://mdn.mozillademos.org/files/1443/Canvas_moon.png';  earth.src = 'https://mdn.mozillademos.org/files/1429/Canvas_earth.png';  window.requestAnimationFrame(draw);}function draw() {  var ctx = document.getElementById('canvas').getContext('2d');  ctx.globalCompositeOperation = 'destination-over';  ctx.clearRect(0, 0, 300, 300); ctx.fillStyle = 'rgba(0, 0, 0, 0.4)';  ctx.strokeStyle = 'rgba(0, 153, 255, 0.4)';  ctx.save();  ctx.translate(150, 150);  var time = new Date();  ctx.rotate(((2 * Math.PI) / 60) * time.getSeconds() + ((2 * Math.PI) / 60000) * time.getMilliseconds());  ctx.translate(105, 0);  ctx.fillRect(0, -12, 50, 24); ctx.drawImage(earth, -12, -12);  ctx.save();  ctx.rotate(((2 * Math.PI) / 6) * time.getSeconds() + ((2 * Math.PI) / 6000) * time.getMilliseconds());  ctx.translate(0, 28.5);  ctx.drawImage(moon, -3.5, -3.5);  ctx.restore();  ctx.restore();    ctx.beginPath();  ctx.arc(150, 150, 105, 0, Math.PI * 2, false); ctx.stroke();   ctx.drawImage(sun, 0, 0, 300, 300);  window.requestAnimationFrame(draw);}init();</script></head><body><canvas id='canvas' width='300' height='300'></canvas></body></html>"
    },
    {
      "avatar": "https://pbs.twimg.com/profile_images/557061751150112768/eMwi4Xz2.jpeg",
      "username": "ethan",
      "interactive": "true",
      "style": {
        "height": "150"
      },
      "status": "Watch my laptop, Alexa, and Google home talk to one another",
      "embed": "<html><head><style>iframe{width: 100%; border:0;}</style></head><body><iframe src='https://www.youtube.com/embed/Kpxj9wvB4Fk' frameborder='0' allowfullscreen></iframe></body></html>"
    },
    {
      "avatar": "https://pbs.twimg.com/profile_images/557061751150112768/eMwi4Xz2.jpeg",
      "username": "ethan",
      "status": "This is an iframe embed using Embedly",
      "interactive": "true",
      "style": {
        "height": "300"
      },
      "embed": "<html><head><style>body{width: 100%; padding:0; margin: 0;} iframe{width: 100%; border:0;} html{width: 100%; padding:0; margin:0; }</style></head><body><blockquote class='embedly-card'><h4><a href='https://www.nytimes.com/2015/10/23/opinion/lady-gaga-and-the-life-of-passion.html'>Lady Gaga and the Life of Passion</a></h4><p>Some people are seized by this task with a fierce longing. Maybe they are propelled by wounds that need urgent healing or by a fear of loneliness or fragmentation. Maybe they are driven by some glorious fantasy to make a mark on the world.</p></blockquote><script async src='https://cdn.embedly.com/widgets/platform.js' charset='UTF-8'></script></body></html>"
    },
    {
      "avatar": "https://pbs.twimg.com/profile_images/557061751150112768/eMwi4Xz2.jpeg",
      "username": "ethan",
      "interactive": "true",
      "style": {
        "height": "300"
      },
      "status": "Another embed using embedly",
      "embed": "<html><head><style>body{width: 100%; padding:0; margin: 0;} iframe{width: 100%; border:0;} html{width: 100%; padding:0; margin:0; }</style></head><body><blockquote class='embedly-card'><h4><a href='https://instagram.com/p/89CUyVoVY9/'>Photograph by @paulnicklen taken while on assignment for @natgeo. This is a photo from the past and I'm here to shoot something of much greater importance. However, our mission is being compromised by terrible weather. #Follow me on @paulnicklen to see if we succeed this week or not. With this heavy rain we will definitely not be seeing the aurora borealis tonight. #challenge #nature #instaweather #smile #explore</a></h4><p>601.1k Likes, 5,765 Comments - National Geographic (@natgeo) on Instagram: 'Photograph by @paulnicklen taken while on assignment for @natgeo. This is a photo from the past and...'</p></blockquote><script src='https://cdn.embedly.com/widgets/platform.js' charset='UTF-8' type='text/javascript'></script></body></html>"
    },
    {
      "avatar": "https://pbs.twimg.com/profile_images/557061751150112768/eMwi4Xz2.jpeg",
      "username": "ethan",
      "interactive": "true",
      "style": {
        "width": "280",
        "height": "280",
        "corner_radius": "140"
      },
      "status": "Swipe left to move left, swipe right to move right, tap to jump.",
      "embed": "<!doctype html> <html> <head> <meta charset='UTF-8' /> <title>Phaser Example Runner</title> <meta name='viewport' content='initial-scale=1 maximum-scale=1 user-scalable=0 minimal-ui' /> <script src='http://hammerjs.github.io/dist/hammer.min.js'></script> <script src='https://cdnjs.cloudflare.com/ajax/libs/jquery/3.2.1/jquery.min.js' type='text/javascript'></script> <script src='https://cdnjs.cloudflare.com/ajax/libs/phaser/2.6.2/phaser.min.js' type='text/javascript'></script> <script src='https://examples.phaser.io/_site/phaser/blob.js' type='text/javascript'></script> <script src='https://examples.phaser.io/_site/phaser/canvas-to-blob.js' type='text/javascript'></script> <script src='https://examples.phaser.io/_site/phaser/filesaver.js' type='text/javascript'></script> <script src='https://examples.phaser.io/_site/phaser/embed.js' type='text/javascript'></script> <style> html,body {width:100%;height:100%; margin: 0px; padding: 0px; font-family: Arial; font-size: 14px; background-color: #000000; color: #fff; } canvas {width: 100%, height: 100%;} </style> </head> <body> <div id='phaser-example'></div> <script type='text/javascript'> var IDE_HOOK = false; var VERSION = '2.6.2'; var d; var j; var game = new Phaser.Game(window.innerWidth, window.innerHeight, Phaser.CANVAS, 'phaser-example', { preload: preload, create: create, update: update, render: render }); function preload() { game.load.tilemap('level1', 'https://examples.phaser.io/assets/games/starstruck/level1.json', null, Phaser.Tilemap.TILED_JSON); game.load.image('tiles-1', 'https://examples.phaser.io/assets/games/starstruck/tiles-1.png'); game.load.spritesheet('dude', 'https://examples.phaser.io/assets/games/starstruck/dude.png', 32, 48); game.load.spritesheet('droid', 'https://examples.phaser.io/assets/games/starstruck/droid.png', 32, 32); game.load.image('starSmall', 'https://examples.phaser.io/assets/games/starstruck/star.png'); game.load.image('starBig', 'https://examples.phaser.io/assets/games/starstruck/star2.png'); game.load.image('background', 'https://examples.phaser.io/assets/games/starstruck/background2.png'); } var map; var tileset; var layer; var player; var facing = 'left'; var jumpTimer = 0; var cursors; var jumpButton; var bg; function create() { game.physics.startSystem(Phaser.Physics.ARCADE); game.stage.backgroundColor = '#000000'; bg = game.add.tileSprite(0, 0, 800, 600, 'background'); bg.fixedToCamera = true; map = game.add.tilemap('level1'); map.addTilesetImage('tiles-1'); map.setCollisionByExclusion([ 13, 14, 15, 16, 46, 47, 48, 49, 50, 51 ]); layer = map.createLayer('Tile Layer 1'); layer.resizeWorld(); game.physics.arcade.gravity.y = 1000; player = game.add.sprite(32, 32, 'dude'); game.physics.enable(player, Phaser.Physics.ARCADE); player.body.bounce.y = 0.2; player.body.collideWorldBounds = true; player.body.setSize(20, 32, 5, 16); player.animations.add('left', [0, 1, 2, 3], 10, true); player.animations.add('turn', [4], 20, true); player.animations.add('right', [5, 6, 7, 8], 10, true); game.camera.follow(player); cursors = game.input.keyboard.createCursorKeys(); jumpButton = game.input.keyboard.addKey(Phaser.Keyboard.SPACEBAR); } function update() { game.physics.arcade.collide(player, layer); player.body.velocity.x = 0; if (d=='left' || cursors.left.isDown) { player.body.velocity.x = -150; if (facing != 'left') { player.animations.play('left'); facing = 'left'; } } else if (d=='right' || cursors.right.isDown) { player.body.velocity.x = 150; if (facing != 'right') { player.animations.play('right'); facing = 'right'; } } else { if (facing != 'idle') { player.animations.stop(); if (facing == 'left') { player.frame = 0; } else { player.frame = 5; } facing = 'idle'; } } if (j || jumpButton.isDown && player.body.onFloor() && game.time.now > jumpTimer) { player.body.velocity.y = -250; jumpTimer = game.time.now + 750; } } function render () { } function setDirection(dir){ d = dir; } function jump() { j = true; setTimeout(function(){j=false;}, 100); } function left () {setDirection('left');} function right () { setDirection('right'); } var h = new Hammer(document.body); h.on('swipeleft', function(){left();}); h.on('swiperight', function(){ right(); }); h.on('tap', function(){jump();}); </script> </body> </html>"
    }
  ]
}
