{
  "$jason": {
    "head": {
      "title": "Local Variables",
      "actions": {
        "$load": {
          "type": "$set",
          "options": {
            "blank": "?"
          },
          "success": {
            "type": "$render"
          }
        },
        "$pull": {
          "type": "$flush",
          "success": {
            "type": "$reload"
          }
        }
      },
      "templates": {
        "body": {
          "header": {
            "title": "Local Variables"
          },
          "sections": [
            {
              "items": [{
                "type": "label",
                "text": "{{$get.blank}}",
                "style": {
                  "font": "HelveticaNeue-Bold",
                  "size": "30",
                  "padding": "20",
                  "align": "center"
                }
              }]
            },
            {
              "header": {
                "type": "label",
                "text": "textfield",
                "style": {
                  "background": "#f5f5f5"
                }
              },
              "items": [
                {
                  "type": "horizontal",
                  "components": [{
                    "type": "textfield",
                    "name": "blank"
                  }, {
                    "type": "button",
                    "text": "Done",
                    "style": {
                      "width": "60",
                      "color": "#ff0000"
                    },
                    "action": {
                      "type": "$render"
                    }
                  }]
                }
              ]
            },
            {
              "header": {
                "type": "label",
                "text": "textarea",
                "style": {
                  "background": "#f5f5f5"
                }
              },
              "items": [
                {
                  "type": "horizontal",
                  "style": {
                    "align": "top"
                  },
                  "components": [{
                    "type": "textarea",
                    "placeholder": "Enter text and press Done",
                    "name": "blank",
                    "style": {
                      "height": "100"
                    }
                  }, {
                    "type": "button",
                    "text": "Done",
                    "style": {
                      "width": "60",
                      "height": "30",
                      "color": "#ff0000"
                    },
                    "action": {
                      "type": "$render"
                    }
                  }]
                }
              ]
            }
          ]
        }
      }
    }
  }
}
