{
  "$jason": {
    "head": {
      "title": "Tabs Footer",
      "styles": {
        "bold": {
          "font": "HelveticaNeue-CondensedBold",
          "padding": "10",
          "size": "15"
        },
        "normal": {
          "font": "HelveticaNeue",
          "size": "12"
        }
      },
      "actions": {
        "$foreground": {
          "type": "$reload"
        },
        "send": {
          "type": "$util.alert",
          "options": {
            "title": "Message",
            "description": "{{$get.message}}"
          }
        }
      }
    },
    "body": {
      "header": {
        "menu": {
          "text": "View JSON",
          "href": {
            "url": "https://github.com/Jasonette/Jasonpedia/blob/gh-pages/view/footer/tabs.json",
            "view": "web"
          }
        }
      },
      "sections": [
        {
          "items": [
            {
              "type": "label",
              "text": "Fullscreen transition",
              "class": "bold",
              "href": {
                "url": "https://jasonette.github.io/Jasonpedia/action/audio/vaultboy/index.json",
                "transition": "fullscreen"
              }
            },
            {
              "type": "label",
              "text": "Next",
              "class": "bold",
              "href": {
                "url": "https://jasonette.github.io/Jasonpedia/view/footer/tabs.json"
              }
            },
            {
              "type": "label",
              "text": "Next",
              "class": "bold",
              "href": {
                "url": "https://jasonette.github.io/Jasonpedia/view/footer/tabs.json"
              }
            },
            {
              "type": "label",
              "text": "Next",
              "class": "bold",
              "href": {
                "url": "https://jasonette.github.io/Jasonpedia/view/footer/tabs.json"
              }
            },
            {
              "type": "label",
              "text": "Next",
              "class": "bold",
              "href": {
                "url": "https://jasonette.github.io/Jasonpedia/view/footer/tabs.json"
              }
            },
            {
              "type": "label",
              "text": "Next",
              "class": "bold",
              "href": {
                "url": "https://jasonette.github.io/Jasonpedia/view/footer/tabs.json"
              }
            }
          ]
        }
      ],
      "footer": {
        "tabs": {
          "style": {
            "background": "#ffffff"
          },
          "items": [
            {
              "image": "https://s3-us-west-2.amazonaws.com/www.jasonclient.org/topsecret%402x.png",
              "text": "Top Secret",
              "url": "https://jasonette.github.io/Jasonpedia/view/footer/tabs.json"
            },
            {
              "image": "https://s3-us-west-2.amazonaws.com/fm.ethan.jason/info%402x.png",
              "text": "Info",
              "badge": "2",
              "url": "https://jasonette.github.io/Jasonpedia/view/footer/tabs.json"
            },
            {
              "image": "https://s3-us-west-2.amazonaws.com/fm.ethan.jason/apps%402x.png",
              "text": "Collection",
              "url": "https://jasonette.github.io/Jasonpedia/view/footer/tabs.json"
            }
          ]
        }
      }
    }
  }
}
