{
  "$jason": {
    "head": {
      "title": "No Header",
      "data": {
        "items": [
          "a",
          "b",
          "c",
          "d",
          "e",
          "f",
          "g",
          "h",
          "i",
          "j",
          "k",
          "l",
          "m",
          "n",
          "o",
          "p",
          "q",
          "r",
          "s",
          "t",
          "u",
          "v",
          "w",
          "x",
          "y",
          "z"
        ]
      },
      "templates": {
        "body": {
          "style": {
            "background": "#222222",
            "border": "none"
          },
          "layers": [
            {
              "type": "label",
              "text": "👈",
              "style": {
                "bottom": "20",
                "right": "20",
                "background": "#ff0000",
                "color": "#ffffff",
                "width": "100",
                "height": "100",
                "align": "center",
                "size": "30",
                "corner_radius": "50"
              },
              "action": {
                "type": "$back"
              }
            }
          ],
          "sections": [
            {
              "items": {
                "{{#each items}}": {
                  "type": "label",
                  "style": {
                    "color": "#ffffff",
                    "size": "40",
                    "padding": "20",
                    "align": "right"
                  },
                  "text": "{{this}}"
                }
              }
            }
          ]
        }
      }
    }
  }
}
