{
  "$jason": {
    "head": {
      "title": "$geo",
      "actions": {
        "$load": {
          "type": "$render"
        },
        "$pull": {
          "type": "$flush",
          "success": {
            "type": "$reload"
          }
        }
      },
      "styles": {
        "labels": {
          "size": "14",
          "font": "HelveticaNeue-Bold",
          "align": "center"
        },
        "left": {
          "bottom": "50",
          "left": "50",
          "width": "100",
          "height": "100",
          "corner_radius": "50",
          "color": "#ffffff",
          "background": "#F2E205",
          "padding": "20"
        },
        "right": {
          "bottom": "50",
          "right": "50",
          "width": "100",
          "height": "100",
          "corner_radius": "50",
          "color": "#ffffff",
          "background": "#CE2121",
          "padding": "20"
        },
        "canvas": {
          "width": "100%",
          "height": "300",
          "padding": "0"
        }
      },
      "templates": {
        "map": {
          "style": {
            "background": "#50BFFF",
            "color": "#ffffff"
          },
          "header": {
            "style": {
              "background": "#50BFFF",
              "color": "#ffffff"
            },
            "title": "$geo"
          },
          "layers": [{
            "type": "label",
            "text": "Display",
            "class": "labels left",
            "action": {
              "type": "$geo.get",
              "success": {
                "type": "$render",
                "options": {
                  "template": "coord"
                }
              }
            }
          }, {
            "type": "label",
            "text": "Map",
            "class": "labels right",
            "action": {
              "type": "$geo.get",
              "success": {
                "type": "$render",
                "options": {
                  "template": "map"
                }
              }
            }
          }],
          "sections": [{
            "items": [{
              "type": "map",
              "region": {
                "coord": "{{$jason.coord}}",
                "width": "100",
                "height": "100"
              },
              "class": "canvas"
            }]
          }]
        },
        "coord": {
          "style": {
            "background": "#50BFFF",
            "color": "#ffffff"
          },
          "header": {
            "style": {
              "background": "#50BFFF",
              "color": "#ffffff"
            },
            "title": "$geo"
          },
          "layers": [{
            "type": "label",
            "text": "Display",
            "class": "labels left",
            "action": {
              "type": "$geo.get",
              "success": {
                "type": "$render",
                "options": {
                  "template": "coord"
                }
              }
            }
          }, {
            "type": "label",
            "text": "Map",
            "class": "labels right",
            "action": {
              "type": "$geo.get",
              "success": {
                "type": "$render",
                "options": {
                  "template": "map"
                }
              }
            }
          }],
          "sections": [{
            "items": [{
              "type": "label",
              "class": "labels canvas",
              "text": "{{$jason.coord}}"
            }]
          }]
        },
        "body": {
          "style": {
            "background": "#50BFFF",
            "color": "#ffffff"
          },
          "header": {
            "style": {
              "background": "#50BFFF",
              "color": "#ffffff"
            },
            "title": "$geo"
          },
          "layers": [{
            "type": "label",
            "text": "Display",
            "class": "labels left",
            "action": {
              "type": "$geo.get",
              "success": {
                "type": "$render",
                "options": {
                  "template": "coord"
                }
              }
            }
          }, {
            "type": "label",
            "text": "Map",
            "class": "labels right",
            "action": {
              "type": "$geo.get",
              "success": {
                "type": "$render",
                "options": {
                  "template": "map"
                }
              }
            }
          }]
        }
      }
    }
  }
}
