[
  {
    "name": "Diglett",
    "url": "http://vignette3.wikia.nocookie.net/pokemon/images/7/7f/Pokken_Tournament_Diglett.PNG/revision/latest?cb=20160711081831"
  },
  {
    "name": "Chespin",
    "url": "http://orig08.deviantart.net/e4f6/f/2013/009/b/e/chespin_3d_model_download_by_bogeymankurt-d5qxbbo.png"
  },
  {
    "name": "Fennekin",
    "url": "http://vignette3.wikia.nocookie.net/pokemon/images/d/db/Support_Fennekin.png/revision/latest?cb=20160115234126"
  },
  {
    "name": "Psyduck",
    "url": "http://www.pokezorworld.com/anime/3d/3dpsyduck.gif"
  },
  {
    "name": "Yveltal",
    "url": "http://vignette2.wikia.nocookie.net/pokemon/images/9/94/717Yveltal_Pokemon_Rumble_World.png/revision/latest?cb=20160216063748"
  },
  {
    "name": "Articuno",
    "url": "http://www.psypokes.com/dex/picdex/stadium2/144.png"
  },
  {
    "name": "Dedenne",
    "url": "http://i.imgur.com/3jiPb0O.png"
  },
  {
    "name": "Snivy",
    "url": "http://vignette2.wikia.nocookie.net/pokemon/images/4/4c/Snivy-PokePark2-Model.png/revision/latest?cb=20140816045543"
  },
  {
    "name": "Tepig",
    "url": "http://vignette3.wikia.nocookie.net/pokemon/images/1/18/Tepig_%28Pok%C3%A9dex_3D%29.png/revision/latest?cb=20110608232312"
  },
  {
    "name": "Oshawott",
    "url": "http://vignette4.wikia.nocookie.net/pokemon/images/9/98/Oshawott-PokePark2-Model.png/revision/latest?cb=20140816052928"
  },
  {
    "name": "Reshiram",
    "url": "http://vignette2.wikia.nocookie.net/ssb-tourney/images/4/4b/Reshiram_CG_Art.png/revision/latest?cb=20130911021023"
  },
  {
    "name": "Lapras",
    "url": "http://www.psypokes.com/dex/picdex/stadium2/131.png"
  },
  {
    "name": "Tyranitar",
    "url": "http://www.psypokes.com/dex/picdex/stadium2/248.png"
  },
  {
    "name": "Emolga",
    "url": "http://vignette3.wikia.nocookie.net/pokemon/images/d/dc/587Emolga_Pokedex_3D.png/revision/latest?cb=20141108025533"
  },
  {
    "name": "Froakie",
    "url": "https://media.pocketmonsters.net/imageboard/60/14315437290054.png"
  },
  {
    "name": "Meloetta",
    "url": "http://vignette2.wikia.nocookie.net/pokemon/images/a/ad/648Meloetta_3D_Pro.png/revision/latest?cb=20150126030347"
  },
  {
    "name": "Piplup",
    "url": "http://vignette1.wikia.nocookie.net/fantendo/images/8/82/PiplupPok%C3%A9Park2.png/revision/latest?cb=20130726110030"
  },
  {
    "name": "Dialga",
    "url": "http://vignette1.wikia.nocookie.net/pokemon/images/a/a6/483Dialga_Pokemon_Battle_Revolution.png/revision/latest?cb=20141231204017"
  },
  {
    "name": "Palkia",
    "url": "http://vignette1.wikia.nocookie.net/pokemon/images/d/d3/484Palkia_Pokemon_Battle_Revolution.png/revision/latest?cb=20141231204052"
  },
  {
    "name": "Giratina",
    "url": "http://vignette3.wikia.nocookie.net/pokemon/images/b/b1/487Giratina_Site.png/revision/latest?cb=20140920041457"
  },
  {
    "name": "Pachirisu",
    "url": "http://vignette1.wikia.nocookie.net/pokemon/images/f/f7/417Pachirisu_Pokemon_Battle_Revolution.png/revision/latest?cb=20141021151558"
  },
  {
    "name": "Treecko",
    "url": "http://vignette1.wikia.nocookie.net/fantendo/images/6/64/SceptilePDIOS.png/revision/latest?cb=20150117124429"
  },
  {
    "name": "Torchic",
    "url": "http://media-cerulean.cursecdn.com/avatars/254/50/255.png.png"
  },
  {
    "name": "Mudkip",
    "url": "http://orig07.deviantart.net/b0cb/f/2012/185/1/6/mudkip_by_finnishpokemonfan96-d55y3vu.png"
  },
  {
    "name": "Groudon",
    "url": "http://vignette3.wikia.nocookie.net/pokemon/images/c/cf/383Groudon_Pokemon_Battle_Revolution.png/revision/latest?cb=20140829040352"
  },
  {
    "name": "Kyogre",
    "url": "http://vignette2.wikia.nocookie.net/pokemon/images/3/3b/382Kyogre_Pokemon_Battle_Revolution.png/revision/latest?cb=20141011054520"
  },
  {
    "name": "Rayquaza",
    "url": "http://vignette2.wikia.nocookie.net/pokemon/images/7/78/384Rayquaza_Super_Smash_Bros_Brawl.png/revision/latest?cb=20140921015142"
  },
  {
    "name": "Plusle",
    "url": "http://i.imgur.com/L2hs7.png"
  },
  {
    "name": "Blastoise",
    "url": "http://www.psypokes.com/dex/picdex/stadium2/009.png"
  },
  {
    "name": "Chikorita",
    "url": "http://vignette2.wikia.nocookie.net/pokemon/images/7/79/152Chikorita_Pok%C3%A9mon_Super_Mystery_Dungeon.png/revision/latest?cb=20150716060154"
  },
  {
    "name": "Cyndaquil",
    "url": "http://vignette3.wikia.nocookie.net/pokemon/images/d/d6/155Cyndaquil_Pokemon_Mystery_Dungeon_Explorers_of_Time_and_Darkness.png/revision/latest?cb=20150107222137"
  },
  {
    "name": "Totodile",
    "url": "http://vignette1.wikia.nocookie.net/pokemon/images/6/67/158Totodile_Pok%C3%A9mon_Super_Mystery_Dungeon.png/revision/latest?cb=20150716060404"
  },
  {
    "name": "Ho-oh",
    "url": "http://vignette1.wikia.nocookie.net/pokemon/images/0/06/250Ho-Oh_Pokemon_Mystery_Dungeon_Gates_to_Infinity.png/revision/latest?cb=20150101212702"
  },
  {
    "name": "Lugia",
    "url": "http://vignette4.wikia.nocookie.net/pokemon/images/2/27/249Lugia_Pokemon_Battle_Revolution.png/revision/latest?cb=20141024154812"
  },
  {
    "name": "Celebi",
    "url": "http://vignette3.wikia.nocookie.net/pokemon/images/a/ab/251Celebi_Pokemon_Rumble_U.png/revision/latest?cb=20140921013125"
  },
  {
    "name": "Pichu",
    "url": "http://vignette2.wikia.nocookie.net/ssb/images/9/97/Pichumeleeclear.png/revision/latest?cb=20140227140421"
  },
  {
    "name": "Pikachu",
    "url": "http://vignette2.wikia.nocookie.net/pokemon/images/e/ef/025Pikachu_SSB4.png/revision/latest?cb=20140410201208"
  },
  {
    "name": "Bulbasaur",
    "url": "http://vignette1.wikia.nocookie.net/leonhartimvu/images/b/bb/001_Bulbasaur_3D.png/revision/latest?cb=20131106174200"
  },
  {
    "name": "Charmander",
    "url": "http://vignette2.wikia.nocookie.net/pokemon/images/f/fb/004Charmander_3D_Pro.png/revision/latest?cb=20140901022259"
  },
  {
    "name": "Squirtle",
    "url": "http://i.imgur.com/5xpXP0H.png"
  },
  {
    "name": "Eevee",
    "url": "http://vignette2.wikia.nocookie.net/pokemon/images/a/aa/Support_Eevee.png/revision/latest?cb=20160115235248"
  },
  {
    "name": "Mew",
    "url": "http://vignette3.wikia.nocookie.net/pokemon/images/7/79/151Mew_Pokemon_Stadium.png/revision/latest?cb=20140315211611"
  },
  {
    "name": "MewTwo",
    "url": "http://vignette1.wikia.nocookie.net/pokemon/images/d/da/Mewtwo_SSB4.png/revision/latest?cb=20150403133009"
  },
  {
    "name": "Articuno",
    "url": "http://vignette1.wikia.nocookie.net/pokemon/images/5/52/Articuno.png/revision/latest?cb=20160409232041"
  },
  {
    "name": "Zapdos",
    "url": "http://vignette3.wikia.nocookie.net/playstationallstarsbattleroyale/images/c/ce/Zapdos_3D.png/revision/latest?cb=20141002204533"
  },
  {
    "name": "Moltres",
    "url": "http://cdn.nintendonews.com/wp-content/uploads/2016/07/pokemon_go_moltres.png"
  },
  {
    "name": "Dragonair",
    "url": "https://56.media.tumblr.com/0ff7ce436261a96d95f79c2111b0152e/tumblr_o1dsgu3GSs1u5zmd1o5_1280.png"
  },
  {
    "name": "Dragonite",
    "url": "http://vignette2.wikia.nocookie.net/pokemon/images/1/12/149Dragonite_Pokemon_Stadium.png/revision/latest?cb=20140126094049"
  },
  {
    "name": "Aerodactyl",
    "url": "http://www.psypokes.com/dex/picdex/stadium2/142.png"
  },
  {
    "name": "Kabutops",
    "url": "http://www.psypokes.com/dex/picdex/stadium2/141.png"
  },
  {
    "name": "Snorlax",
    "url": "http://vignette3.wikia.nocookie.net/pokemon/images/4/49/143Snorlax_3D_Pro.png/revision/latest?cb=20140924022356"
  },
  {
    "name": "Ducklett",
    "url": "http://cdn.bulbagarden.net/upload/thumb/4/4b/580Ducklett.png/250px-580Ducklett.png"
  }
]
