{
  "$jason": {
    "head": {
      "title": "Jasonette Actions",
      "styles": {
        "bold": {
          "font": "HelveticaNeue-Bold",
          "align": "center",
          "background": "#ffffff",
          "corner_radius": "3",
          "size": "12",
          "padding": "10"
        },
        "padded": {
          "width": "150",
          "align": "center",
          "background": "#ffffff",
          "font": "HelveticaNeue-Bold",
          "height": "150"
        }
      },
      "actions": {
        "$foreground": {
          "type": "$reload"
        },
        "$pull": {
          "type": "$flush",
          "success": {
            "type": "$reload"
          }
        },
        "form_alert": {
          "type": "$util.alert",
          "options": {
            "title": "Demo alert with input",
            "description": "Try entering values and press OK",
            "form": [
              {
                "name": "username",
                "placeholder": "Enter username"
              },
              {
                "name": "password",
                "placeholder": "Enter password",
                "type": "secure"
              }
            ]
          },
          "success": {
            "type": "$util.alert",
            "options": {
              "title": "You have entered:",
              "description": "{{$jason.username}} and {{$jason.password}}"
            }
          }
        }
      }
    },
    "body": {
      "style": {
        "background": "#8bb92d",
        "color": "#ffffff"
      },
      "header": {
        "style": {
          "background": "#8bb92d",
          "color": "#ffffff"
        },
        "menu": {
          "text": "View JSON",
          "href": {
            "url": "https://github.com/Jasonette/Jasonpedia/blob/gh-pages/action/index.json",
            "view": "web"
          }
        },
        "search": {
          "name": "query",
          "placeholder": "search actions",
          "style": {
            "dark": "true",
            "color": "#ffffff",
            "background": "#8bb92d"
          }
        }
      },
      "sections": [
        {
          "type": "horizontal",
          "style": {
            "background": "#ffffff"
          },
          "header": {
            "type": "label",
            "text": "$util",
            "style": {
              "background": "#ebebeb"
            }
          },
          "items": [
            {
              "class": "padded",
              "action": {
                "type": "$util.banner",
                "options": {
                  "title": "Hello world",
                  "description": "I'm a banner. I display a title and a description."
                }
              },
              "type": "label",
              "text": "$util.banner"
            },
            {
              "class": "padded",
              "action": {
                "type": "$util.toast",
                "options": {
                  "text": "I'm a toast. I display a simple text."
                }
              },
              "type": "label",
              "text": "$util.toast"
            },
            {
              "class": "padded",
              "action": {
                "type": "$util.alert",
                "options": {
                  "title": "Basic Alert",
                  "description": "I'm a basic alert. I simply display an alert that needs to be dismissed before moving forward"
                }
              },
              "type": "label",
              "text": "$util.alert (basic)"
            },
            {
              "class": "padded",
              "action": {
                "trigger": "form_alert"
              },
              "type": "label",
              "text": "$util.alert (with input fields)"
            },
            {
              "class": "padded",
              "action": {
                "type": "$util.picker",
                "options": {
                  "items": [
                    {
                      "text": "Trigger $util.banner",
                      "action": {
                        "type": "$util.banner",
                        "options": {
                          "title": "Hi I'm a banner",
                          "description": "I'm triggered by a picker"
                        }
                      }
                    },
                    {
                      "text": "Trigger $util.alert",
                      "action": {
                        "type": "$util.alert",
                        "options": {
                          "title": "Hi I'm an alert",
                          "description": "I'm triggerred by an alert"
                        }
                      }
                    },
                    {
                      "text": "Trigger $audio.play",
                      "action": {
                        "type": "$audio.play",
                        "options": {
                          "url": "https://s3.amazonaws.com/www.textcast.co/icons/yo.mp3"
                        }
                      }
                    }
                  ]
                }
              },
              "type": "label",
              "text": "$util.picker"
            },
            {
              "class": "padded",
              "action": {
                "type": "$util.datepicker",
                "success": {
                  "type": "$util.banner",
                  "options": {
                    "title": "Selected time is",
                    "description": "{{(new Date(parseInt($jason.value) * 1000)).toString()}}"
                  }
                }
              },
              "type": "label",
              "text": "$util.datepicker"
            },
            {
              "class": "padded",
              "href": {
                "url": "https://jasonette.github.io/Jasonpedia/action/addressbook.json"
              },
              "type": "label",
              "text": "$util.addressbook"
            }
          ]
        },
        {
          "type": "horizontal",
          "style": {
            "background": "#ffffff"
          },
          "header": {
            "type": "label",
            "text": "$media",
            "style": {
              "background": "#ebebeb"
            }
          },
          "items": [
            {
              "type": "label",
              "text": "$media.play",
              "class": "padded",
              "action": {
                "type": "$media.play",
                "options": {
                  "url": "https://vo.fod4.com/v/25c17d6eb2/v600.mp4"
                }
              }
            },
            {
              "type": "label",
              "text": "$media.picker + $util.share (photo)",
              "class": "padded",
              "action": {
                "type": "$media.picker",
                "success": {
                  "type": "$util.share",
                  "options": {
                    "items": [
                      {
                        "type": "image",
                        "data": "{{$jason.data}}"
                      }
                    ]
                  }
                }
              }
            },
            {
              "type": "label",
              "class": "padded",
              "text": "$media.camera + $util.share (photo)",
              "action": {
                "type": "$media.camera",
                "success": {
                  "type": "$util.share",
                  "options": {
                    "items": [
                      {
                        "type": "image",
                        "data": "{{$jason.data}}"
                      }
                    ]
                  }
                }
              }
            },
            {
              "type": "label",
              "text": "$media.camera + $util.share (photo with editing)",
              "class": "padded",
              "action": {
                "type": "$media.camera",
                "options": {
                  "edit": "true"
                },
                "success": {
                  "type": "$util.share",
                  "options": {
                    "items": [
                      {
                        "type": "image",
                        "data": "{{$jason.data}}"
                      }
                    ]
                  }
                }
              }
            },
            {
              "type": "label",
              "text": "$media.camera + $util.share (video)",
              "class": "padded",
              "action": {
                "type": "$media.camera",
                "options": {
                  "type": "video"
                },
                "success": {
                  "type": "$util.share",
                  "options": {
                    "items": [
                      {
                        "type": "video",
                        "file_url": "{{$jason.file_url}}"
                      }
                    ]
                  }
                }
              }
            }
          ]
        },
        {
          "header": {
            "type": "label",
            "text": "Barcode & QRCode scanning",
            "style": {
              "background": "#ebebeb"
            }
          },
          "items": [
            {
              "type": "label",
              "text": "$vision",
              "class": "bold",
              "style": {
                "align": "left"
              },
              "href": {
                "url": "https://jasonette.github.io/Jasonpedia/action/vision/index.json"
              }
            }
          ]
        },
        {
          "header": {
            "type": "label",
            "text": "$network & $session",
            "style": {
              "background": "#ebebeb"
            }
          },
          "items": [
            {
              "type": "label",
              "text": "$network",
              "class": "bold",
              "style": {
                "align": "left"
              },
              "href": {
                "url": "https://jasonette.github.io/Jasonpedia/action/network/index.json"
              }
            }
          ]
        },
        {
          "header": {
            "type": "label",
            "text": "Local variables",
            "style": {
              "background": "#ebebeb"
            }
          },
          "items": [
            {
              "type": "label",
              "text": "Variable",
              "class": "bold",
              "style": {
                "align": "left"
              },
              "href": {
                "url": "https://jasonette.github.io/Jasonpedia/action/variable/index.json"
              }
            }
          ]
        },
        {
          "header": {
            "type": "label",
            "text": "$lambda",
            "style": {
              "background": "#ebebeb"
            }
          },
          "items": [
            {
              "type": "label",
              "text": "Triggering a action by name and utilizing its return values",
              "class": "bold",
              "style": {
                "align": "left"
              },
              "href": {
                "url": "https://jasonette.github.io/Jasonpedia/action/lambda/index.json"
              }
            }
          ]
        },
        {
          "header": {
            "type": "label",
            "text": "Geo",
            "style": {
              "background": "#ebebeb"
            }
          },
          "items": [
            {
              "type": "label",
              "text": "$geo.get",
              "class": "bold",
              "style": {
                "align": "left"
              },
              "href": {
                "url": "https://jasonette.github.io/Jasonpedia/action/geo/index.json"
              }
            }
          ]
        },
        {
          "header": {
            "type": "label",
            "text": "JavaScript",
            "style": {
              "background": "#ebebeb"
            }
          },
          "items": [
            {
              "type": "label",
              "text": "$script.include",
              "class": "bold",
              "style": {
                "align": "left"
              },
              "href": {
                "url": "https://jasonette.github.io/Jasonpedia/action/script/index.json"
              }
            }
          ]
        },
        {
          "header": {
            "type": "label",
            "text": "Timer",
            "style": {
              "background": "#ebebeb"
            }
          },
          "items": [
            {
              "type": "label",
              "text": "$timer",
              "class": "bold",
              "style": {
                "align": "left"
              },
              "href": {
                "url": "https://jasonette.github.io/Jasonpedia/action/timer/index.json"
              }
            }
          ]
        }
      ]
    }
  }
}
