{
  "$jason": {
    "head": {
      "title": "label"
    },
    "body": {
      "header": {
        "menu": {
          "text": "View JSON",
          "href": {
            "url": "https://github.com/Jasonette/Jasonpedia/blob/gh-pages/view/component/label/index.json",
            "view": "web"
          }
        }
      },
      "sections": [{
        "items": [{
          "type": "label",
          "text": "Helvetica Neue Bold, 20, orange",
          "style": {
            "font": "HelveticaNeue-Bold",
            "size": "20",
            "padding": "20",
            "color": "#FFA500"
          }
        }, {
          "type": "label",
          "text": "Helvetica Neue Bold, 20, orange, align: right",
          "style": {
            "font": "HelveticaNeue-Bold",
            "align": "right",
            "size": "20",
            "padding": "20",
            "color": "#FFA500"
          }
        }, {
          "type": "label",
          "text": "Helvetica Neue Bold, 20, orange, align: center",
          "style": {
            "font": "HelveticaNeue-Bold",
            "align": "center",
            "size": "20",
            "padding": "20",
            "color": "#FFA500"
          }
        }, {
          "type": "label",
          "text": "Courier, 13, green",
          "style": {
            "font": "Courier",
            "size": "13",
            "padding": "20",
            "color": "#00ff00"
          }
        }, {
          "type": "vertical",
          "style": {
            "align": "center"
          },
          "components": [{
            "type": "label",
            "text": "Helvetica Neue Bold, size:20, padding:30, background: #ebebeb",
            "style": {
              "font": "HelveticaNeue-Bold",
              "size": "20",
              "color": "#0000ff",
              "padding": "30",
              "background": "#ebebeb"
            }
          }]
        }, {
          "type": "vertical",
          "style": {
            "align": "center"
          },
          "components": [{
            "type": "label",
            "text": "Helvetica Neue, size:20, padding:80, corner_radius: 40, background: #ebebeb",
            "style": {
              "font": "HelveticaNeue-Bold",
              "size": "20",
              "color": "#0000ff",
              "corner_radius": "40",
              "padding": "90",
              "background": "#ebebeb"
            }
          }]
        }]
      }]
    }
  }
}
